StartDate,EndDate,Status,IPAddress,Progress,Duration (in seconds),Finished,RecordedDate,ResponseId,RecipientLastName,RecipientFirstName,RecipientEmail,ExternalReference,LocationLatitude,LocationLongitude,DistributionChannel,UserLanguage,Q1,Q2,Q3,Q1_1,Q1_2,Q1_3,Q1_4,Q1_5,Q1_6,Q1_7,Q1_8,Q1_9,Q1_10,Q1_11,Q1_12,Q1_13,Q1_14,Q1_15,Q1_16,Q1_17,Q1_18,Q1_19,Q1_1,Q1_2,Q1_3,Q1_4,Q1_5,Q1_6,Q2_1,Q2_2,Q2_3,Q2_4,Q2_5,Q2_6,Q1_1,Q1_2,Q1_3,Q1_4,Q1_5,Q1_6,Q1_7,Q1_8,Q1_9,Q1_1,Q1_2,Q1_3,Q1_4,Q1_5,Q1_6,Q1_7,Q1_8,Q1_9,Q11
Start Date,End Date,Response Type,IP Address,Progress,Duration (in seconds),Finished,Recorded Date,Response ID,Recipient Last Name,Recipient First Name,Recipient Email,External Data Reference,Location Latitude,Location Longitude,Distribution Channel,User Language,Please enter the participant ID given to you by the experimenter.,Please enter your gender,Please enter your age,Please indicate to what extent you agree with each statement. - The system is capable of interpreting situations correctly.,Please indicate to what extent you agree with each statement. - The system state was always clear to me.,Please indicate to what extent you agree with each statement. - I already know similar systems.,Please indicate to what extent you agree with each statement. - The developers are trustworthy.,Please indicate to what extent you agree with each statement. - One should be careful with unfamiliar automated systems.,Please indicate to what extent you agree with each statement. - The system works reliably.,Please indicate to what extent you agree with each statement. - The system reacts unpredictably.,Please indicate to what extent you agree with each statement. - The developers take my well-being seriously.,Please indicate to what extent you agree with each statement. - I trust the system.,Please indicate to what extent you agree with each statement. - A system malfunction is likely.,Please indicate to what extent you agree with each statement. - I was able to understand why things happened.,Please indicate to what extent you agree with each statement. - I rather trust a system than I mistrust it.,Please indicate to what extent you agree with each statement. - The system is capable of taking over complicated tasks.,Please indicate to what extent you agree with each statement. - I can rely on the system.,Please indicate to what extent you agree with each statement. - The system might make sporadic errors.,Please indicate to what extent you agree with each statement. - It is difficult to identify what the system will do next.,Please indicate to what extent you agree with each statement. - I have already used similar systems.,Please indicate to what extent you agree with each statement. - Automated systems generally work well.,Please indicate to what extent you agree with each statement. - I am confident about the systemâ€™s capabilities.,Please rate your tasks. - How mentally demanding was the task?,Please rate your tasks. - How physically demanding was the task?,Please rate your tasks. - How hurried or rushed was the task?,Please rate your tasks. - How would you rate your success in accomplishing what you were asked to do?,Please rate your tasks. - How hard did you have to work to accomplish your level of performance?,"Please rate your tasks. - How insecure, discouraged, irritated, stressed and annoyed were you?",Please rank the criteria you just rated your experience on. - Mental demand,Please rank the criteria you just rated your experience on. - Physical demand,Please rank the criteria you just rated your experience on. - Temporal demand,Please rank the criteria you just rated your experience on. - Performance,Please rank the criteria you just rated your experience on. - Effort,Please rank the criteria you just rated your experience on. - Frustration,"Please indicate to what extent you agree with each statement. - In the computer generated world I had a sense of ""being there""",Please indicate to what extent you agree with each statement. - Somehow I felt that the virtual world surrounded me.,Please indicate to what extent you agree with each statement. - I felt like I was just perceiving pictures.,"Please indicate to what extent you agree with each statement. - I had a sense of acting in the virtual space, rather than operating something from outside.",Please indicate to what extent you agree with each statement. - I felt present in the virtual space.,"Please indicate to what extent you agree with each statement. - I was aware of the real world surrounding me while navigating in the virtual world (i.e. sounds, room temperature, other people, etc.).",Please indicate to what extent you agree with each statement. - I was completely captivated by the virtual world.,Please indicate to what extent you agree with each statement. - My experience in the virtual environment seemed consistent with my real world experience.,Please indicate to what extent you agree with each statement. - The virtual world seemed more realistic than the real world.,Please indicate to what extent you agree with each statement. - I found it easy to identify the gas sounds,Please indicate to what extent you agree with each statement. - I found it easy to identify the radiation sounds,Please indicate to what extent you agree with each statement. - I found it easy to identify the temperature sounds,Please indicate to what extent you agree with each statement. - I was able to determine different hazard levels,Please indicate to what extent you agree with each statement. - I found the alarms annoying,Please indicate to what extent you agree with each statement. - I found the real-time listening sounds annoying,Please indicate to what extent you agree with each statement. - I would be happy to have these sounds present all day if this were my job,Please indicate to what extent you agree with each statement. - After a while I ignored the alarms,Please indicate to what extent you agree with each statement. - After a while the sounds helped me understand the scene without needing to concentrate on them,"Please add any additional comments here, if you have any."
"{""ImportId"":""startDate"",""timeZone"":""America/Denver""}","{""ImportId"":""endDate"",""timeZone"":""America/Denver""}","{""ImportId"":""status""}","{""ImportId"":""ipAddress""}","{""ImportId"":""progress""}","{""ImportId"":""duration""}","{""ImportId"":""finished""}","{""ImportId"":""recordedDate"",""timeZone"":""America/Denver""}","{""ImportId"":""_recordId""}","{""ImportId"":""recipientLastName""}","{""ImportId"":""recipientFirstName""}","{""ImportId"":""recipientEmail""}","{""ImportId"":""externalDataReference""}","{""ImportId"":""locationLatitude""}","{""ImportId"":""locationLongitude""}","{""ImportId"":""distributionChannel""}","{""ImportId"":""userLanguage""}","{""ImportId"":""QID1211665929_TEXT""}","{""ImportId"":""QID1211665930_TEXT""}","{""ImportId"":""QID1211665931_TEXT""}","{""ImportId"":""QID1211665391_1""}","{""ImportId"":""QID1211665391_2""}","{""ImportId"":""QID1211665391_3""}","{""ImportId"":""QID1211665391_4""}","{""ImportId"":""QID1211665391_5""}","{""ImportId"":""QID1211665391_6""}","{""ImportId"":""QID1211665391_7""}","{""ImportId"":""QID1211665391_8""}","{""ImportId"":""QID1211665391_9""}","{""ImportId"":""QID1211665391_10""}","{""ImportId"":""QID1211665391_11""}","{""ImportId"":""QID1211665391_12""}","{""ImportId"":""QID1211665391_13""}","{""ImportId"":""QID1211665391_14""}","{""ImportId"":""QID1211665391_15""}","{""ImportId"":""QID1211665391_16""}","{""ImportId"":""QID1211665391_17""}","{""ImportId"":""QID1211665391_18""}","{""ImportId"":""QID1211665391_19""}","{""ImportId"":""QID1211665402_1""}","{""ImportId"":""QID1211665402_2""}","{""ImportId"":""QID1211665402_3""}","{""ImportId"":""QID1211665402_4""}","{""ImportId"":""QID1211665402_5""}","{""ImportId"":""QID1211665402_6""}","{""ImportId"":""QID1211665403_1""}","{""ImportId"":""QID1211665403_2""}","{""ImportId"":""QID1211665403_3""}","{""ImportId"":""QID1211665403_4""}","{""ImportId"":""QID1211665403_5""}","{""ImportId"":""QID1211665403_6""}","{""ImportId"":""QID1211665675_1""}","{""ImportId"":""QID1211665675_2""}","{""ImportId"":""QID1211665675_3""}","{""ImportId"":""QID1211665675_4""}","{""ImportId"":""QID1211665675_5""}","{""ImportId"":""QID1211665675_6""}","{""ImportId"":""QID1211665675_7""}","{""ImportId"":""QID1211665675_8""}","{""ImportId"":""QID1211665675_9""}","{""ImportId"":""QID1211688166_1""}","{""ImportId"":""QID1211688166_2""}","{""ImportId"":""QID1211688166_3""}","{""ImportId"":""QID1211688166_4""}","{""ImportId"":""QID1211688166_5""}","{""ImportId"":""QID1211688166_6""}","{""ImportId"":""QID1211688166_7""}","{""ImportId"":""QID1211688166_8""}","{""ImportId"":""QID1211688166_9""}","{""ImportId"":""QID11_TEXT""}"
07/03/2023 06:59,07/03/2023 07:03,0,*******,100,229,1,07/03/2023 07:03,R_1DSZRwD1p8QgTRP,*******,*******,*******,*******,*******,*******,anonymous,EN,SB1_P_0,M,25,4,4,4,5,5,3,2,5,5,3,4,5,4,4,3,4,4,3,3,8,5,5,5,8,4,1,3,4,6,2,5,5,5,2,4,4,4,4,5,3,4,4,1,2,5,4,1,3,3,good UI and interactive but sounds became difficult to monitor
07/03/2023 07:03,07/03/2023 07:43,0,*******,100,2427,1,07/03/2023 07:43,R_3PMtmsebF7bKaAa,*******,*******,*******,*******,*******,*******,anonymous,EN,SB2_P_1,Male,26,5,4,4,4,3,4,1,5,4,2,5,5,4,5,3,1,4,4,4,6,3,3,7,5,1,2,4,3,1,5,6,4,4,2,4,4,4,3,2,1,5,5,5,4,1,1,2,1,4,
07/03/2023 07:44,07/03/2023 08:50,0,*******,100,3958,1,07/03/2023 08:50,R_tJzoYT5GFryHUsN,*******,*******,*******,*******,*******,*******,anonymous,EN,SB1_P_2,Male,24,5,4,2,5,5,4,2,4,4,2,4,4,4,4,2,2,2,3,4,6,4,2,6,5,2,1,3,4,2,5,6,4,4,2,4,4,2,3,4,2,2,5,5,4,4,1,4,3,5,
07/03/2023 08:51,07/03/2023 09:51,0,*******,100,3561,1,07/03/2023 09:51,R_2qdPxfwxHoT4rxN,*******,*******,*******,*******,*******,*******,anonymous,EN,SB2_P_3,Male,28,5,3,3,5,4,4,3,5,3,3,3,4,4,3,3,4,4,4,4,8,5,4,6,7,6,1,6,5,3,2,4,5,4,2,4,4,3,4,2,2,5,2,2,3,4,4,2,2,3,"I kept getting the radiation and temperature sounds mixed up and some sounds overlapped and it was difficult to know which is which, especially when a robot was setting off an alarm"
08/03/2023 02:47,08/03/2023 04:27,0,*******,100,6007,1,08/03/2023 04:27,R_11jf3iMOVijkEJt,*******,*******,*******,*******,*******,*******,anonymous,EN,SB1_P_4,Female,26,3,2,4,3,5,3,1,4,3,3,4,2,4,4,3,1,4,2,1,9,2,2,3,5,5,2,6,4,5,3,1,4,4,4,3,4,4,2,4,1,2,5,2,2,5,5,1,1,2,
08/03/2023 05:04,08/03/2023 05:18,0,*******,100,861,1,08/03/2023 05:19,R_ZC7C1RMdCgnC3hn,*******,*******,*******,*******,*******,*******,anonymous,EN,SB2_P_5,Male,30,5,3,4,3,4,4,2,4,4,2,5,4,4,4,3,2,2,3,4,5,1,3,2,4,5,2,5,4,6,1,3,5,4,1,4,2,5,3,2,2,2,2,2,4,2,4,2,3,4,"During the introduction I didn't make a conscious effort to pair the sounds to their meanings. When I began the experiment I was unable to identify which sound corresponded to what. By the end of the experiment I could feel that I was able to naturally distinguish the different sounds and intensities, but still did not know their meanings. "
08/03/2023 05:27,08/03/2023 07:03,0,*******,100,5770,1,08/03/2023 07:03,R_eRJurbs8nqFEfLj,*******,*******,*******,*******,*******,*******,anonymous,EN,SB1_P_6,Male,30,5,4,2,3,4,5,2,3,4,4,2,4,4,4,5,2,4,4,4,7,1,5,6,3,1,1,6,2,3,5,4,3,4,3,5,4,1,3,2,1,1,4,1,1,4,2,1,5,1,A mini map would be useful. Also being able to have the robot continue waypoint driving after deselecting them would be useful for exploration
08/03/2023 07:05,08/03/2023 07:54,0,*******,100,2977,1,08/03/2023 07:54,R_1plFrtbmxYOiRXo,*******,*******,*******,*******,*******,*******,anonymous,EN,SB1_P_7,male,31,3,4,2,3,3,4,2,4,2,3,4,3,3,4,3,5,1,3,4,8,1,3,6,7,5,1,6,3,4,2,5,4,3,2,4,4,2,3,3,1,4,5,2,2,4,5,1,3,5,"i was overwhelmed by the sounds coming from each robot - it would be nice to disable them whilst the left hand listening mode is engaged to allow me to focus on the tagging of an area. I also felt that the robots should only ask for assistance if they have developed a serious fault, because it was hard to think about saving the robots as well as tagging. Essentially, if it was easy to switch functionality on/off to help the user focus I think it would be less overwhelming :) "
08/03/2023 07:57,08/03/2023 08:48,0,*******,100,3051,1,08/03/2023 08:48,R_SZfS2J9fc5oV7QR,*******,*******,*******,*******,*******,*******,anonymous,EN,SB1_P_8,female,29,3,4,1,5,4,4,2,5,5,3,5,3,4,4,3,3,1,3,4,5,2,3,5,4,2,1,5,6,3,2,4,4,4,2,3,4,2,3,3,1,4,5,5,4,3,2,3,5,3,
08/03/2023 08:52,08/03/2023 10:07,0,*******,100,4519,1,08/03/2023 10:07,R_2A0TFtW6iLXvTwe,*******,*******,*******,*******,*******,*******,anonymous,EN,SB2_P_9,Male,29,4,4,5,5,4,5,2,5,5,1,5,5,5,5,2,2,5,5,5,7,1,3,5,9,1,1,6,4,3,2,5,5,5,5,5,5,1,5,5,2,5,4,4,5,3,3,2,2,4,"The Radiation and the Temperature sounds were too similar at the higher levels when they were played at the same time. It was easier to identify the Gas when all the sounds were played, the Radiation and the Temperature sounds might need a little more of a difference like the Gas."
09/03/2023 02:21,09/03/2023 03:31,0,*******,100,4209,1,09/03/2023 03:31,R_3sB8HccusIksdr0,*******,*******,*******,*******,*******,*******,anonymous,EN,SB2_P_10,Male,26,5,5,2,5,4,5,1,5,5,1,5,4,4,4,1,2,1,5,5,2,2,6,3,7,1,4,5,1,2,3,6,4,4,1,5,5,2,3,3,1,5,4,4,4,1,1,2,4,5,"Initially the user felt to rushed, then when i was accostomed to a worflow to look for sybols first then investigate the area then the i consumed time more efficiently during the investigation. When radiation and temperature mix up it kind of hard to distinguish"
09/03/2023 03:32,09/03/2023 04:22,0,*******,100,2954,1,09/03/2023 04:22,R_1JVmkrXCCUmMCPz,*******,*******,*******,*******,*******,*******,anonymous,EN,SB2_P_11,Male,29,5,3,4,5,4,4,3,4,4,2,2,4,3,3,3,4,5,4,4,6,3,3,5,5,5,1,6,2,3,5,4,5,5,2,4,4,2,4,4,2,4,4,4,3,4,2,2,5,4,"I ended up focusing on just the real time listening mode as I found trying to multitask to do other things to distracting, so ignored the safety alarms for robots etc"
09/03/2023 04:25,09/03/2023 05:25,0,*******,100,3622,1,09/03/2023 05:25,R_3KVL6cuV5pj9ICq,*******,*******,*******,*******,*******,*******,anonymous,EN,SB2_P_12,Male,23,5,4,2,5,4,4,3,5,4,2,5,2,4,4,4,3,2,4,4,5,1,3,6,3,2,1,5,2,3,4,6,5,5,2,4,4,2,4,4,1,4,4,4,2,3,4,1,3,3,
09/03/2023 05:26,09/03/2023 07:02,0,*******,100,5715,1,09/03/2023 07:02,R_23ZAAjHsmUeBkER,*******,*******,*******,*******,*******,*******,anonymous,EN,SB1_P_13,f,35,5,4,3,4,5,4,2,4,5,3,5,4,3,4,4,2,4,3,4,5,1,3,7,5,3,1,6,4,2,5,3,5,5,1,5,5,4,5,5,1,5,5,5,2,1,2,4,5,5,
09/03/2023 07:02,09/03/2023 09:04,0,*******,100,7292,1,09/03/2023 09:04,R_21gID4BnbJygvaj,*******,*******,*******,*******,*******,*******,anonymous,EN,SB2_P_14,F,42,4,3,1,3,3,3,3,3,,,2,1,3,3,3,4,3,3,3,3,3,6,1,5,6,5,6,4,1,3,2,3,5,2,5,5,5,5,3,3,5,1,1,3,3,3,3,4,,I could not remember which was temperature and radiation sounds
09/03/2023 09:04,09/03/2023 09:52,0,*******,100,2864,1,09/03/2023 09:52,R_1INt0HcdTx3vw0h,*******,*******,*******,*******,*******,*******,anonymous,EN,SB2_P_15,M,28,3,4,2,4,4,4,2,4,4,2,4,3,4,4,4,2,2,3,4,6,2,3,5,5,4,1,5,2,3,4,6,4,4,2,4,4,4,2,2,1,4,4,5,4,5,2,2,5,3,
14/03/2023 03:25,14/03/2023 04:20,0,*******,100,3340,1,14/03/2023 04:20,R_27CrnC9fhO49mFi,*******,*******,*******,*******,*******,*******,anonymous,EN,SB2_P_16,Male,25,4,3,1,3,5,4,1,5,4,2,5,3,4,4,4,2,1,3,4,6,2,3,5,7,5,1,6,5,2,4,3,4,4,1,4,4,4,2,3,1,5,5,4,4,5,2,1,5,4,"The alerts were very distracting, they made it difficult to process what you were hearing while carrying out real-time listening. The Radiaton and Temperature alarms were good as they were constant, the Gas alarm was easily identifiable but because it wasn't constant it was difficult to tell whether you were in an area of gas or whether you were hearing an alert."
14/03/2023 04:25,14/03/2023 05:24,0,*******,100,3550,1,14/03/2023 05:24,R_9zvaf7JdOJCrnKp,*******,*******,*******,*******,*******,*******,anonymous,EN,SB1_P_17,Male,34,4,4,1,4,4,4,2,5,4,3,5,5,4,4,5,4,2,3,4,5,1,3,5,6,6,6,1,5,2,4,3,4,5,2,4,4,4,2,1,1,4,4,4,4,5,1,1,2,4,
14/03/2023 05:26,14/03/2023 06:27,0,*******,100,3656,1,14/03/2023 06:27,R_3QPhQRtsOQo4C5d,*******,*******,*******,*******,*******,*******,anonymous,EN,SB2_P_18,Male,24,5,5,1,5,4,5,1,5,5,2,5,4,5,5,3,1,1,4,4,3,1,3,8,1,2,2,4,3,1,5,6,4,4,3,4,5,3,5,4,2,5,5,5,4,2,2,3,1,4,
14/03/2023 06:32,14/03/2023 09:07,0,*******,100,9345,1,14/03/2023 09:07,R_1OrDk9f5E8avr42,*******,*******,*******,*******,*******,*******,anonymous,EN,SB2_P_19,Male,31,5,4,2,4,5,5,1,4,5,2,5,5,4,5,2,1,1,4,4,5,4,3,6,7,2,,,,,,,5,2,3,3,2,4,2,4,3,4,4,2,2,3,1,1,3,4,
14/03/2023 09:12,14/03/2023 10:05,0,*******,100,3167,1,14/03/2023 10:05,R_zZjHz91phx2BFpT,*******,*******,*******,*******,*******,*******,anonymous,EN,SB1_P_20,female,34,5,2,1,3,3,4,5,3,4,2,2,4,5,4,1,5,1,4,4,7,7,5,3,7,7,3,2,6,4,1,5,4,4,2,4,4,2,4,3,2,2,5,4,1,4,2,2,4,2,
14/03/2023 10:06,14/03/2023 11:09,0,*******,100,3794,1,14/03/2023 11:09,R_12rOA4cL1PSLHa5,*******,*******,*******,*******,*******,*******,anonymous,EN,SB1_P_21,Female,38,3,2,2,3,3,4,3,2,4,4,3,4,4,4,3,3,2,4,4,8,1,6,3,6,7,2,6,3,5,4,1,4,4,3,3,4,4,4,3,3,2,2,2,4,5,3,2,4,2,1. I need a map to navigate and know the place and the location of robots 2. I need an indicator to know which robot is sensing the hazards. 3. I need a transport system that could direct me to the robot without me finding the robot in the middle of nowhere 
15/03/2023 03:26,15/03/2023 04:24,0,*******,100,3488,1,15/03/2023 04:24,R_3O6aCqqOGSvSAFF,*******,*******,*******,*******,*******,*******,anonymous,EN,SB1_P_22,Male,27,5,4,2,5,4,5,2,5,4,3,4,4,2,4,1,2,2,4,4,7,3,3,7,5,4,1,6,3,2,4,5,4,4,1,5,4,4,3,3,1,2,5,5,4,4,1,3,4,4,Differentiating the cymbal gas sounds from low to high got quite tricky whereas it was clear in the other sound options
15/03/2023 04:26,15/03/2023 06:23,0,*******,100,7055,1,15/03/2023 06:23,R_242c2pGCcySOWUi,*******,*******,*******,*******,*******,*******,anonymous,EN,SB1_P_23,Male,29,4,3,1,4,4,4,3,5,5,4,4,,3,4,3,2,1,3,4,6,3,6,7,6,4,1,6,2,3,5,4,4,4,2,5,5,3,5,3,2,2,5,4,4,3,2,4,4,4,
15/03/2023 06:24,15/03/2023 07:56,0,*******,100,5488,1,15/03/2023 07:56,R_cXSdpPlWjzpvZaF,*******,*******,*******,*******,*******,*******,anonymous,EN,SB1_P_24,male,22,5,4,2,5,4,4,2,5,4,3,4,3,4,4,4,4,1,4,4,5,1,1,7,5,2,1,6,2,4,3,5,4,4,1,4,5,4,3,3,2,4,5,5,3,4,2,4,5,4,It was slightly difficult to determine between low and medium levels for the radiation and the temperature alarms
15/03/2023 07:56,15/03/2023 09:57,0,*******,100,7234,1,15/03/2023 09:57,R_A7Oks0UiXK2BtkZ,*******,*******,*******,*******,*******,*******,anonymous,EN,SB1_P_25,non-binary,30,3,4,4,5,4,4,2,4,4,3,4,4,3,3,4,3,4,4,4,6,2,3,6,5,3,1,5,4,2,3,6,4,4,2,4,4,2,4,2,2,5,5,5,4,3,2,1,3,4,"I liked the distinctness of each sound and that they were associated with the hazards, but I did find the radiation sound slightly painful to listen to"
15/03/2023 09:57,15/03/2023 10:51,0,*******,100,3248,1,15/03/2023 10:51,R_2E0MCjN3Y3PBEqD,*******,*******,*******,*******,*******,*******,anonymous,EN,SB1_P_26,Male,24,5,2,2,3,3,4,3,5,4,3,5,4,3,3,4,5,2,3,4,9,5,7,5,5,3,1,2,5,4,3,6,5,4,2,4,5,1,4,3,1,2,5,2,2,5,4,1,5,2,There were too many robots and clumsy audio which did not allow me to concentrate on what I was required to do.
16/03/2023 03:25,16/03/2023 04:28,0,*******,100,3787,1,16/03/2023 04:28,R_pxDjHsaCNiGbNXH,*******,*******,*******,*******,*******,*******,anonymous,EN,SB2_P_27,Male,40,1,2,5,1,2,2,4,1,2,4,2,2,2,1,4,4,5,2,2,5,2,3,7,4,2,4,6,2,1,3,5,5,4,1,4,5,2,4,3,2,5,5,5,4,2,2,3,4,4,
16/03/2023 04:31,16/03/2023 05:41,0,*******,100,4174,1,16/03/2023 05:41,R_2CPtWmJeoQ3PNnw,*******,*******,*******,*******,*******,*******,anonymous,EN,SB2_P_28,male,22,4,4,1,5,5,4,3,5,4,4,5,3,3,2,4,4,1,4,4,2,2,2,6,7,4,2,6,3,1,4,5,4,4,5,4,3,2,4,2,1,5,4,3,3,2,2,1,4,4,"I resorted more to real time audio than the alerts, just checked the alerts when I had time"
16/03/2023 05:41,16/03/2023 07:56,0,*******,100,8057,1,16/03/2023 07:56,R_26kzz08NLruFC8q,*******,*******,*******,*******,*******,*******,anonymous,EN,SB2_P_29,male,28,4,4,1,5,4,4,2,5,5,3,4,4,3,3,3,2,1,4,4,5,5,3,7,6,2,1,3,4,2,5,6,4,4,2,4,4,4,3,3,2,4,5,3,3,4,4,2,4,4,after time I became familiar with the sounds and found identification much easier. Some of the auxiliary sounds the robots made where distracting
16/03/2023 08:02,16/03/2023 10:43,0,*******,100,9679,1,16/03/2023 10:43,R_3p4mDHFbTLuSbh7,*******,*******,*******,*******,*******,*******,anonymous,EN,SB2_P_30,Male,25,4,5,4,3,4,4,2,3,3,2,5,3,4,3,4,2,3,3,4,6,2,3,7,4,5,3,1,2,4,5,6,4,4,1,4,3,2,2,3,1,5,5,5,4,2,1,2,1,4,leaving and re-entering a hazardous area sometimes caused a delay in the sound being triggered
17/03/2023 03:25,17/03/2023 04:20,0,*******,100,3258,1,17/03/2023 04:20,R_29j49KJhzXXXdZu,*******,*******,*******,*******,*******,*******,anonymous,EN,SB1_P_31,Male,29,4,4,3,3,4,4,3,4,3,3,4,3,3,3,3,2,3,3,4,5,1,3,7,5,3,1,5,4,2,3,6,5,5,2,4,4,4,2,2,1,5,5,5,4,4,1,2,4,2,"Difficult to discern real-time listening sounds from the sounds the robot was hearing, making it a bit confusing at times "
17/03/2023 04:20,17/03/2023 06:30,0,*******,100,7822,1,17/03/2023 06:30,R_1gIq4WMrLZjFHZg,*******,*******,*******,*******,*******,*******,anonymous,EN,SB2_P_32,Female,33,4,4,1,5,2,3,1,5,4,2,5,4,3,3,3,2,4,3,4,4,1,5,5,3,1,1,5,4,2,3,6,5,5,1,4,5,2,5,2,1,4,4,4,3,1,1,2,3,4,I found it hard to interact with the robots themselves (Taking them out of harms way)
17/03/2023 06:31,17/03/2023 08:57,0,*******,100,8761,1,17/03/2023 08:57,R_3foZFOLL9W0fnP2,*******,*******,*******,*******,*******,*******,anonymous,EN,SB1_P_33,Male,22,3,2,1,3,5,3,1,1,3,1,4,4,2,2,4,1,1,4,4,8,3,7,6,6,1,2,6,3,4,5,1,4,4,1,4,4,2,2,3,1,2,5,2,3,5,5,2,1,2,It could be added a mini map to identify the position of each robot.
17/03/2023 08:58,17/03/2023 10:09,0,*******,100,4249,1,17/03/2023 10:09,R_3mh4TQEk9PjG4ew,*******,*******,*******,*******,*******,*******,anonymous,EN,SB2_P_34,Female,21,2,4,3,5,4,4,1,5,4,4,5,3,3,2,4,2,1,3,3,6,7,8,3,6,2,1,2,4,6,3,5,4,4,1,4,4,3,4,3,1,4,4,4,2,1,1,3,1,3,It's hard to determine the sound source. Hard to control the robots as they take longer paths. Slow robots. Hard to multitask robots/myself.
21/03/2023 03:27,21/03/2023 05:37,0,*******,100,7844,1,21/03/2023 05:37,R_2BznI8ohPDHYpcT,*******,*******,*******,*******,*******,*******,anonymous,EN,SB2_P_35,Male,36,5,3,4,4,3,4,3,5,5,3,5,4,4,4,3,3,2,2,4,5,5,7,3,3,5,6,5,3,1,2,4,4,3,2,4,4,2,3,2,2,5,3,3,4,4,3,1,4,2,
21/03/2023 05:38,21/03/2023 09:04,0,*******,100,12342,1,21/03/2023 09:04,R_3dVOR6h6iBGJpXm,*******,*******,*******,*******,*******,*******,anonymous,EN,SB1_P_36,Male ,25,4,4,2,5,2,4,2,5,5,2,4,5,3,4,3,2,2,3,4,6,1,4,5,5,4,1,6,2,3,5,4,5,5,1,4,5,3,3,3,1,3,5,3,4,2,3,4,3,4, a lot of sound all at once can be a bit disorientating to tell where the actual source is coming from.  
21/03/2023 09:06,21/03/2023 10:11,0,*******,100,3933,1,21/03/2023 10:11,R_5u74oIw2zerBF9D,*******,*******,*******,*******,*******,*******,anonymous,EN,SB1_P_37,female,37,5,4,1,5,5,3,2,5,4,2,4,4,4,4,3,2,1,3,4,5,1,3,6,5,2,2,4,1,5,3,6,4,4,1,5,5,5,2,2,2,4,5,4,2,4,3,4,4,4,
21/03/2023 10:12,21/03/2023 11:08,0,*******,100,3346,1,21/03/2023 11:08,R_um5UJHYH7DGKO0F,*******,*******,*******,*******,*******,*******,anonymous,EN,SB2_P_38,Female,28,4,2,2,4,4,4,1,2,4,3,4,3,4,4,4,1,3,4,4,7,3,4,2,8,2,2,4,3,5,1,6,4,5,2,4,4,1,5,2,1,5,4,4,4,2,5,2,5,4,
22/03/2023 03:30,22/03/2023 04:55,0,*******,100,5111,1,22/03/2023 04:55,R_xsBtrAWZy71bTEt,*******,*******,*******,*******,*******,*******,anonymous,EN,SB1_P_39,female ,30,5,5,1,4,5,5,1,5,5,4,5,5,5,4,4,2,4,4,5,8,3,5,7,9,3,1,5,2,4,3,6,5,5,2,4,4,4,3,2,1,4,4,4,2,5,5,1,5,5,would be better if there was no robot noise at all. Just leaving the tags behind and determining the sounds from the tags. 
22/03/2023 05:19,22/03/2023 09:56,0,*******,100,16593,1,22/03/2023 09:56,R_2foDhY32dylChiR,*******,*******,*******,*******,*******,*******,anonymous,EN,SB2_P_40,female,31,4,4,2,5,5,4,2,5,4,4,5,3,5,4,2,1,2,3,4,7,2,4,6,4,5,1,6,2,5,3,4,4,4,1,4,4,2,4,3,1,5,5,5,4,4,4,2,5,4,
23/03/2023 03:17,23/03/2023 05:27,0,*******,100,7756,1,23/03/2023 05:27,R_2wRBGlkcZbuppxf,*******,*******,*******,*******,*******,*******,anonymous,EN,SB2_P_41,F,24,4,4,1,4,3,4,2,5,3,3,4,3,2,3,4,2,1,4,4,7,2,2,5,5,7,1,6,5,4,3,2,4,5,2,4,4,5,3,3,1,5,4,4,2,4,4,1,1,2,
23/03/2023 05:31,23/03/2023 06:35,0,*******,100,3868,1,23/03/2023 06:35,R_2UYkn6sHmjfbfhO,*******,*******,*******,*******,*******,*******,anonymous,EN,SB1_P_42,Female,26,4,5,2,5,3,5,3,5,4,3,5,3,4,4,3,2,2,4,5,7,5,5,5,7,1,1,6,4,2,3,5,5,5,3,5,5,3,5,5,4,5,5,3,4,2,2,3,3,5,"Overall, it was a fantastic experience. The instructions are clear to follow as it was my first VR experience."
23/03/2023 06:38,23/03/2023 08:01,0,*******,100,4986,1,23/03/2023 08:01,R_3CEfBf779XvdlXJ,*******,*******,*******,*******,*******,*******,anonymous,EN,SB1_P_43,Male,27,4,4,1,3,4,4,2,3,4,3,5,1,3,3,4,4,3,4,4,3,1,3,6,1,5,1,3,4,2,5,6,3,4,2,4,2,1,4,2,1,2,5,4,2,4,3,1,5,4,"Despite my answers, the sounds for radiation and gas are somewhat instinctive for what they represent, however I note that in practicality I almost naturally discarded hearing the gas sound when combined with other sounds. I also note that the robot's various sounds where distracting while trying to tag items using local listening. It would also be useful to be able to track the robots location through walls or in the discovered area as I was in a room without them frequently and didn't know where they where while they alarmed. "
23/03/2023 08:01,23/03/2023 08:55,0,*******,100,3240,1,23/03/2023 08:55,R_2wNY5evLw6x35JG,*******,*******,*******,*******,*******,*******,anonymous,EN,SB2_P_44,woman,20,5,5,4,5,4,5,1,5,4,3,5,3,3,4,3,1,4,3,4,5,1,3,6,5,1,2,6,3,1,4,5,4,4,3,5,5,4,2,2,1,4,4,4,5,2,2,4,5,4,
24/03/2023 03:17,24/03/2023 05:27,0,*******,100,7833,1,24/03/2023 05:27,R_3nc0epz2c8hcn9T,*******,*******,*******,*******,*******,*******,anonymous,EN,SB2_P_45,Male,21,4,4,3,4,5,4,2,5,4,1,5,3,4,4,4,2,4,4,4,6,6,3,5,3,2,2,4,3,1,6,5,5,5,2,5,5,4,4,4,2,4,4,4,3,4,2,3,5,2,3d Binaural audio needs improving - difficult to gauge direction sound comes from
24/03/2023 05:28,24/03/2023 06:38,0,*******,100,4224,1,24/03/2023 06:38,R_9FU6qFY3YarkLHb,*******,*******,*******,*******,*******,*******,anonymous,EN,SB1_P_46,Male,40,5,4,2,5,5,4,2,5,4,3,4,4,4,4,4,2,2,4,4,7,3,5,6,6,2,1,5,4,3,2,6,4,5,2,4,5,4,3,3,1,4,4,5,2,3,2,2,4,4,
24/03/2023 07:25,24/03/2023 09:13,0,*******,100,6473,1,24/03/2023 09:13,R_3k5ppy7nUyV4iDo,*******,*******,*******,*******,*******,*******,anonymous,EN,SB2_P_47,female,23,3,4,2,5,4,4,1,5,4,2,5,3,5,3,2,1,1,3,4,4,1,1,5,8,1,2,6,4,3,1,5,5,5,5,5,5,2,5,4,3,5,2,2,4,1,1,2,3,4,"the sounds of temperature and radiation hazard were somewhat confusing, although gas one was clear. i think the low-high frequency of the sounds should be different and more of an associsiation with the radiation - like ""silent hill"" alarm and temperature should be smt else. It is bit confusing because of when the hazard is high, the volume increases therefore making temperature-low sound increases in pitch therefore making it hard to distinguish from radiation hazard. the rest was really good experience and entertaining, despite the importance of the task."
24/03/2023 09:15,24/03/2023 10:02,0,*******,100,2818,1,24/03/2023 10:02,R_3NZXR0BB3m4xjKM,*******,*******,*******,*******,*******,*******,anonymous,EN,SB1_P_48,Male,31,4,3,2,5,,4,4,5,4,3,4,4,4,4,4,2,2,4,4,6,4,4,6,6,3,6,5,2,3,1,4,4,4,1,5,5,4,4,4,2,1,5,1,4,4,3,3,2,2,4 robots was too many. Felt like worrying after my own children running around 
24/03/2023 10:02,24/03/2023 10:54,0,*******,100,3098,1,24/03/2023 10:54,R_2wGNx7mWlpykVvF,*******,*******,*******,*******,*******,*******,anonymous,EN,SB2_P_49,M,28,2,2,1,4,4,2,3,4,3,3,4,3,2,2,4,3,2,3,2,7,5,5,3,7,6,1,6,5,4,2,3,4,4,3,4,3,2,3,2,1,5,4,4,4,2,4,1,2,2,Maybe using a 3D heatmap to show the hazard would be more intuitive.
